month,day,tmin_f,tmax_f
1,1,27.2,40.2
1,2,23.5,39.2
1,3,26.5,37.9
1,4,23.4,38.5
1,5,21.5,33.4
1,6,20.9,32.5
1,7,18.4,31.3
1,8,17.7,33.1
1,9,18.0,34.3
1,10,22.5,41.1
1,11,25.1,39.4
1,12,26.6,44.1
1,13,24.6,44.7
1,14,21.1,33.9
1,15,20.0,32.6
1,16,22.0,36.7
1,17,22.6,36.6
1,18,21.1,35.5
1,19,22.3,36.8
1,20,17.3,32.4
1,21,14.1,29.2
1,22,15.4,33.0
1,23,20.7,36.7
1,24,22.6,36.2
1,25,21.9,36.9
1,26,24.9,38.3
1,27,24.6,40.0
1,28,24.8,38.1
1,29,21.0,36.0
1,30,16.6,31.5
1,31,14.9,33.9
2,1,19.2,37.5
2,2,19.8,37.5
2,3,20.5,38.8
2,4,21.8,40.5
2,5,20.4,39.7
2,6,19.6,36.6
2,7,20.9,37.7
2,8,22.6,40.3
2,9,19.1,35.3
2,10,22.8,40.8
2,11,22.2,37.0
2,12,19.1,38.9
2,13,20.8,33.8
2,14,15.9,32.2
2,15,15.7,38.1
2,16,26.7,44.2
2,17,22.8,41.1
2,18,18.6,37.0
2,19,21.0,38.5
2,20,23.1,41.3
2,21,25.4,43.7
2,22,23.3,45.0
2,23,27.5,45.9
2,24,27.7,47.3
2,25,27.3,43.9
2,26,22.2,40.6
2,27,22.5,43.1
2,28,27.8,43.8
2,29,27.1,42.6
3,1,23.9,46.1
3,2,23.3,42.2
3,3,24.9,42.5
3,4,23.2,39.3
3,5,22.4,39.2
3,6,24.8,45.4
3,7,26.0,40.9
3,8,26.3,45.4
3,9,29.4,48.5
3,10,31.6,49.2
3,11,29.6,47.8
3,12,26.6,45.6
3,13,26.9,45.5
3,14,28.2,46.6
3,15,30.5,45.2
3,16,28.6,47.8
3,17,28.9,49.1
3,18,27.5,47.3
3,19,26.9,42.9
3,20,28.4,51.7
3,21,29.4,48.2
3,22,27.8,47.0
3,23,27.8,47.2
3,24,29.5,46.9
3,25,31.2,49.1
3,26,30.4,49.2
3,27,31.1,51.4
3,28,32.3,49.2
3,29,32.4,48.2
3,30,31.5,52.4
3,31,34.7,57.5
4,1,34.6,53.2
4,2,31.1,47.9
4,3,30.2,50.9
4,4,35.3,50.0
4,5,32.4,48.2
4,6,33.6,53.1
4,7,35.9,53.2
4,8,34.2,52.6
4,9,32.9,54.0
4,10,34.8,56.2
4,11,37.7,57.7
4,12,40.9,58.3
4,13,43.2,62.8
4,14,41.4,64.0
4,15,39.1,60.6
4,16,39.4,57.8
4,17,38.1,56.8
4,18,36.9,55.4
4,19,40.6,59.6
4,20,41.2,59.0
4,21,37.1,59.7
4,22,40.0,57.6
4,23,38.6,60.7
4,24,40.2,62.3
4,25,40.2,59.9
4,26,41.0,55.4
4,27,39.9,57.4
4,28,41.8,63.5
4,29,43.9,61.2
4,30,42.5,57.6
5,1,41.8,60.9
5,2,44.5,66.2
5,3,47.8,65.7
5,4,47.0,61.2
5,5,45.1,56.5
5,6,45.3,63.4
5,7,46.2,64.3
5,8,44.6,61.3
5,9,41.5,59.8
5,10,42.0,62.8
5,11,44.9,64.2
5,12,43.5,63.2
5,13,46.4,65.6
5,14,46.8,67.8
5,15,50.4,70.7
5,16,51.1,71.0
5,17,49.8,71.5
5,18,49.8,69.4
5,19,48.8,67.9
5,20,49.8,71.9
5,21,50.5,73.8
5,22,54.0,71.4
5,23,51.5,73.4
5,24,50.4,69.7
5,25,48.7,73.0
5,26,54.9,78.0
5,27,55.6,77.7
5,28,55.6,75.1
5,29,53.5,70.1
5,30,52.8,71.3
5,31,52.5,74.8
6,1,53.6,73.2
6,2,52.8,76.1
6,3,51.8,71.0
6,4,53.8,73.0
6,5,56.5,75.7
6,6,59.3,75.9
6,7,57.8,76.3
6,8,56.7,76.5
6,9,55.6,75.1
6,10,54.9,74.2
6,11,56.5,75.8
6,12,58.4,79.1
6,13,57.7,77.3
6,14,56.8,74.9
6,15,56.4,75.5
6,16,56.4,76.9
6,17,57.1,79.0
6,18,60.8,82.0
6,19,62.6,82.8
6,20,62.0,82.6
6,21,61.4,81.7
6,22,59.9,79.4
6,23,60.6,83.4
6,24,62.6,83.2
6,25,62.0,82.8
6,26,62.3,83.4
6,27,63.5,81.4
6,28,62.2,80.4
6,29,64.0,82.5
6,30,64.4,84.9
7,1,65.5,84.2
7,2,65.0,82.7
7,3,64.0,81.6
7,4,63.1,83.2
7,5,64.7,85.7
7,6,67.1,87.4
7,7,65.3,83.9
7,8,63.8,83.9
7,9,65.0,82.8
7,10,64.7,82.4
7,11,65.1,83.7
7,12,65.9,84.5
7,13,65.5,83.0
7,14,65.4,82.5
7,15,66.4,84.8
7,16,67.0,86.1
7,17,68.3,86.2
7,18,66.9,82.6
7,19,64.6,85.1
7,20,67.6,88.0
7,21,66.4,85.8
7,22,64.3,83.4
7,23,66.1,82.7
7,24,65.4,82.5
7,25,66.0,82.8
7,26,65.0,84.8
7,27,66.0,85.8
7,28,67.3,86.4
7,29,66.2,83.7
7,30,64.8,84.9
7,31,63.4,82.6
8,1,64.2,82.3
8,2,64.0,83.6
8,3,64.8,84.8
8,4,65.8,83.4
8,5,65.0,83.4
8,6,64.1,83.7
8,7,65.3,82.3
8,8,65.7,83.5
8,9,65.1,85.1
8,10,65.9,83.2
8,11,65.8,84.5
8,12,66.4,86.3
8,13,66.9,84.2
8,14,65.5,84.7
8,15,64.5,80.7
8,16,62.9,81.4
8,17,64.2,81.2
8,18,64.4,81.0
8,19,63.8,80.5
8,20,62.5,78.3
8,21,62.4,81.7
8,22,62.2,78.8
8,23,62.2,80.1
8,24,61.9,82.6
8,25,63.3,81.9
8,26,61.6,81.2
8,27,61.1,80.2
8,28,61.2,81.0
8,29,62.4,80.5
8,30,61.0,80.3
8,31,59.7,77.8
9,1,57.7,75.5
9,2,56.7,76.6
9,3,59.0,77.6
9,4,60.5,82.0
9,5,61.0,78.4
9,6,61.7,77.2
9,7,60.3,75.4
9,8,58.3,75.7
9,9,58.0,75.0
9,10,58.8,73.5
9,11,58.4,77.3
9,12,57.4,75.3
9,13,58.0,75.7
9,14,58.3,77.6
9,15,57.2,74.3
9,16,56.6,74.8
9,17,55.9,76.0
9,18,58.7,73.7
9,19,56.6,71.2
9,20,54.7,70.2
9,21,54.8,71.4
9,22,53.9,72.3
9,23,56.6,73.4
9,24,55.7,69.7
9,25,54.1,70.4
9,26,56.4,74.6
9,27,55.9,74.4
9,28,55.0,71.5
9,29,52.0,67.5
9,30,50.0,64.4
10,1,50.2,66.2
10,2,49.2,65.1
10,3,48.9,67.1
10,4,50.2,69.2
10,5,50.9,67.7
10,6,51.1,69.9
10,7,55.5,73.2
10,8,51.1,64.8
10,9,47.9,62.7
10,10,48.3,64.8
10,11,47.4,65.3
10,12,48.0,63.1
10,13,47.5,60.7
10,14,47.8,63.7
10,15,46.1,64.5
10,16,45.9,62.9
10,17,44.0,59.9
10,18,42.8,61.4
10,19,43.7,64.2
10,20,47.9,64.3
10,21,49.6,66.2
10,22,46.9,64.8
10,23,46.3,62.4
10,24,45.4,60.7
10,25,44.8,57.9
10,26,44.8,57.6
10,27,42.2,55.2
10,28,41.7,55.2
10,29,41.3,54.0
10,30,42.0,56.9
10,31,42.0,58.5
11,1,41.5,58.1
11,2,39.6,56.5
11,3,38.1,56.3
11,4,37.4,54.0
11,5,41.2,59.0
11,6,44.9,59.0
11,7,41.5,58.8
11,8,37.0,54.4
11,9,35.1,53.0
11,10,36.6,54.4
11,11,38.0,52.7
11,12,34.4,51.1
11,13,32.8,46.4
11,14,30.6,44.9
11,15,29.4,46.5
11,16,34.9,49.1
11,17,33.3,47.2
11,18,32.5,48.0
11,19,32.3,47.8
11,20,31.1,43.0
11,21,29.7,45.5
11,22,30.3,44.0
11,23,28.6,42.2
11,24,28.8,43.7
11,25,32.2,47.2
11,26,34.8,48.5
11,27,34.1,47.5
11,28,30.2,43.6
11,29,29.6,43.5
11,30,28.6,45.0
12,1,30.8,45.1
12,2,30.2,43.6
12,3,29.9,42.9
12,4,27.3,42.0
12,5,26.1,39.7
12,6,25.6,42.3
12,7,26.1,38.1
12,8,22.2,38.0
12,9,23.6,39.2
12,10,28.3,41.4
12,11,24.4,43.5
12,12,24.7,40.5
12,13,25.6,39.2
12,14,24.1,38.1
12,15,22.5,38.0
12,16,24.6,36.9
12,17,27.2,40.4
12,18,26.4,41.3
12,19,22.3,38.2
12,20,21.1,36.5
12,21,23.2,39.1
12,22,23.0,36.8
12,23,23.2,39.9
12,24,24.0,38.0
12,25,23.9,39.0
12,26,21.7,36.4
12,27,22.9,36.4
12,28,24.2,39.5
12,29,26.8,39.9
12,30,25.7,39.1
12,31,26.4,38.8
