date,tmin_f,tmax_f
2026-04-15,52.7,82.3
2026-04-16,50.6,77.2
2026-04-17,50.3,67.7
2026-04-18,44.6,58.0
2026-04-19,36.0,54.1
2026-04-20,33.1,49.9
2026-04-21,26.4,50.8
2026-04-22,33.7,46.6
2026-04-23,37.6,62.1
2026-04-24,34.3,57.4
2026-04-25,31.5,53.3
2026-04-26,41.5,60.4
2026-04-27,37.8,66.4
2026-04-28,38.1,63.2
2026-04-29,39.7,60.2
2026-04-30,44.7,55.7
2026-05-01,41.0,61.4
2026-05-02,39.4,53.0
2026-05-03,39.4,52.4
2026-05-04,42.0,68.6
2026-05-05,52.3,77.7
2026-05-06,57.8,69.9
2026-05-07,47.0,62.5
2026-05-08,40.9,57.8
2026-05-09,38.3,52.1
2026-05-10,50.1,70.0
2026-05-11,47.7,61.1
2026-05-12,42.2,62.6
2026-05-13,42.4,61.9
2026-05-14,50.5,61.3
2026-05-15,47.7,57.0
2026-05-16,45.9,73.9
2026-05-17,60.6,83.8
2026-05-18,57.3,79.3
2026-05-19,69.9,92.1
2026-05-20,67.5,86.1
2026-05-21,53.2,66.0
2026-05-22,43.8,65.3
2026-05-23,48.8,63.3
2026-05-24,49.0,52.7
2026-05-25,52.0,75.7
2026-05-26,53.6,80.5
2026-05-27,64.2,84.0
2026-05-28,57.4,72.4
2026-05-29,52.3,71.0
2026-05-30,40.1,56.6
2026-05-31,39.4,67.6
2026-06-01,44.9,62.2
2026-06-02,46.4,74.6
2026-06-03,50.9,83.1
2026-06-04,57.3,90.8
2026-06-05,63.1,89.7
2026-06-06,64.6,87.1
2026-06-07,60.0,81.8
2026-06-08,52.1,76.7
2026-06-09,58.4,84.6
2026-06-10,63.2,89.7
2026-06-11,67.7,93.2
2026-06-12,72.3,92.8
2026-06-13,69.6,88.0
2026-06-14,64.2,90.9
2026-06-15,63.3,78.4
2026-06-16,56.4,78.3
2026-06-17,56.5,81.2
2026-06-18,60.0,77.6
2026-06-19,63.7,76.6
2026-06-20,62.2,76.8
2026-06-21,57.8,81.1
2026-06-22,56.9,76.0
2026-06-23,61.3,67.3
2026-06-24,59.2,78.2
2026-06-25,58.8,79.7
2026-06-26,63.1,77.4
2026-06-27,61.3,81.2
2026-06-28,62.0,81.1
2026-06-29,62.6,87.0
2026-06-30,62.6,90.0
2026-07-01,68.0,93.5
2026-07-02,76.3,95.2
2026-07-03,77.6,96.4
2026-07-04,75.5,91.5
2026-07-05,67.1,84.6
2026-07-06,63.1,75.1
2026-07-07,60.6,66.3
2026-07-08,60.5,80.1
2026-07-09,67.0,87.9
2026-07-10,70.0,85.6
2026-07-11,63.1,85.5
2026-07-12,60.0,81.8
2026-07-13,62.5,84.8
2026-07-14,69.7,88.7
2026-07-15,70.0,88.5
2026-07-16,65.9,86.3
2026-07-17,60.2,83.1
2026-07-18,62.8,83.8
2026-07-19,65.7,77.6
2026-07-20,57.7,82.7
2026-07-21,60.5,78.1
2026-07-22,65.4,82.0
2026-07-23,57.5,79.2
2026-07-24,55.9,82.6
2026-07-25,57.5,81.6
2026-07-26,52.4,80.6
2026-07-27,55.0,86.5
2026-07-28,65.8,79.3
2026-07-29,65.0,68.8
2026-07-30,63.1,76.6
2026-07-31,60.6,76.8
2026-08-01,64.9,84.7
2026-08-02,69.5,82.9
2026-08-03,67.4,75.3
2026-08-04,61.5,82.9
2026-08-05,62.7,84.7
2026-08-06,70.1,88.7
2026-08-07,73.5,90.8
2026-08-08,71.6,89.1
2026-08-09,69.8,88.5
2026-08-10,64.9,84.8
2026-08-11,68.4,84.8
2026-08-12,63.8,84.7
2026-08-13,65.6,82.4
2026-08-14,61.8,80.4
2026-08-15,56.9,79.0
2026-08-16,54.1,80.9
2026-08-17,65.5,76.3
2026-08-18,66.1,82.2
2026-08-19,63.7,82.9
2026-08-20,62.1,83.9
2026-08-21,60.6,72.7
2026-08-22,62.7,71.2
2026-08-23,63.4,73.2
2026-08-24,62.0,77.4
2026-08-25,58.8,77.0
2026-08-26,59.2,80.0
2026-08-27,62.8,81.8
2026-08-28,66.8,85.4
2026-08-29,57.5,79.7
2026-08-30,60.8,84.2
2026-08-31,61.3,80.2
